id,category
1,Aeroplane
2,Aeroplane
3,Aeroplane
4,Aeroplane
5,Aeroplane
6,Aeroplane
7,Aeroplane
8,Aeroplane
9,Aeroplane
10,Aeroplane
11,Aeroplane
12,Aeroplane
13,Aeroplane
14,Aeroplane
15,Aeroplane
16,Aeroplane
17,Aeroplane
18,Aeroplane
19,Aeroplane
20,Aeroplane
21,Aeroplane
22,Aeroplane
23,Aeroplane
24,Aeroplane
25,Aeroplane
26,Aeroplane
27,Aeroplane
28,Aeroplane
29,Aeroplane
30,Aeroplane
31,Aeroplane
32,Aeroplane
33,Aeroplane
34,Aeroplane
35,Aeroplane
36,Aeroplane
37,Aeroplane
38,Aeroplane
39,Aeroplane
40,Aeroplane
41,Aeroplane
42,Aeroplane
43,Aeroplane
44,Aeroplane
45,Aeroplane
46,Aeroplane
47,Aeroplane
48,Aeroplane
49,Aeroplane
50,Aeroplane
51,Aeroplane
52,Aeroplane
53,Aeroplane
54,Aeroplane
55,Aeroplane
56,Aeroplane
57,Aeroplane
58,Aeroplane
59,Aeroplane
60,Aeroplane
61,Aeroplane
62,Aeroplane
63,Aeroplane
64,Aeroplane
65,Aeroplane
66,Aeroplane
67,Aeroplane
68,Aeroplane
69,Aeroplane
70,Aeroplane
71,Aeroplane
72,Aeroplane
73,Aeroplane
74,Aeroplane
75,Aeroplane
76,Aeroplane
77,Aeroplane
78,Aeroplane
79,Aeroplane
80,Aeroplane
81,Aeroplane
82,Aeroplane
83,Aeroplane
84,Aeroplane
85,Aeroplane
86,Aeroplane
87,Aeroplane
88,Aeroplane
89,Aeroplane
90,Aeroplane
91,Aeroplane
92,Aeroplane
93,Aeroplane
94,Aeroplane
95,Aeroplane
96,Aeroplane
97,Aeroplane
98,Aeroplane
99,Aeroplane
100,Aeroplane
101,Boat
102,Boat
103,Boat
104,Boat
105,Boat
106,Boat
107,Boat
108,Boat
109,Boat
110,Boat
111,Boat
112,Boat
113,Boat
114,Boat
115,Boat
116,Boat
117,Boat
118,Boat
119,Boat
120,Boat
121,Boat
122,Boat
123,Boat
124,Boat
125,Boat
126,Boat
127,Boat
128,Boat
129,Boat
130,Boat
131,Boat
132,Boat
133,Boat
134,Boat
135,Boat
136,Boat
137,Boat
138,Boat
139,Boat
140,Boat
141,Boat
142,Boat
143,Boat
144,Boat
145,Boat
146,Boat
147,Boat
148,Boat
149,Boat
150,Boat
151,Boat
152,Boat
153,Boat
154,Boat
155,Boat
156,Boat
157,Boat
158,Boat
159,Boat
160,Boat
161,Boat
162,Boat
163,Boat
164,Boat
165,Boat
166,Boat
167,Boat
168,Boat
169,Boat
170,Boat
171,Boat
172,Boat
173,Boat
174,Boat
175,Boat
176,Boat
177,Boat
178,Boat
179,Boat
180,Boat
181,Boat
182,Boat
183,Boat
184,Boat
185,Boat
186,Boat
187,Boat
188,Boat
189,Boat
190,Boat
191,Boat
192,Boat
193,Boat
194,Boat
195,Boat
196,Boat
197,Boat
198,Boat
199,Boat
200,Boat
201,Boat
202,Boat
203,Boat
204,Boat
205,Boat
206,Boat
207,Boat
208,Boat
209,Boat
210,Boat
211,Boat
212,Boat
213,Boat
214,Boat
215,Car
216,Car
217,Car
218,Car
219,Car
220,Car
221,Car
222,Car
223,Car
224,Car
225,Car
226,Car
227,Car
228,Car
229,Car
230,Car
231,Car
232,Car
233,Car
234,Car
235,Car
236,Car
237,Car
238,Car
239,Car
240,Car
241,Car
242,Car
243,Car
244,Car
245,Car
246,Car
247,Car
248,Car
249,Car
250,Car
251,Car
252,Car
253,Car
254,Car
255,Car
256,Car
257,Car
258,Car
259,Car
260,Car
261,Car
262,Car
263,Car
264,Car
265,Car
266,Car
267,Car
268,Car
269,Car
270,Car
271,Car
272,Car
273,Car
274,Car
275,Car
276,Car
277,Car
278,Car
279,Car
280,Car
281,Car
282,Car
283,Car
284,Car
285,Car
286,Car
287,Car
288,Car
289,Car
290,Car
291,Car
292,Car
293,Car
294,Car
295,Car
296,Car
297,Car
298,Car
299,Car
300,Car
301,Car
302,Car
303,Car
304,Car
305,Car
306,Car
307,Car
308,Car
309,Car
310,Car
311,Car
312,Car
313,Car
314,Car
315,Car
316,Car
317,Car
318,Car
319,Car
320,Car
321,Car
322,Car
323,Car
324,Car
325,Chair
326,Chair
327,Chair
328,Chair
329,Chair
330,Chair
331,Chair
332,Chair
333,Chair
334,Chair
335,Chair
336,Chair
337,Chair
338,Chair
339,Chair
340,Chair
341,Chair
342,Chair
343,Chair
344,Chair
345,Chair
346,Chair
347,Chair
348,Chair
349,Chair
350,Chair
351,Chair
352,Chair
353,Chair
354,Chair
355,Chair
356,Chair
357,Chair
358,Chair
359,Chair
360,Chair
361,Chair
362,Chair
363,Chair
364,Chair
365,Chair
366,Chair
367,Chair
368,Chair
369,Chair
370,Chair
371,Chair
372,Chair
373,Chair
374,Chair
375,Chair
376,Chair
377,Chair
378,Chair
379,Chair
380,Chair
381,Chair
382,Chair
383,Chair
384,Chair
385,Chair
386,Chair
387,Chair
388,Chair
389,Chair
390,Chair
391,Chair
392,Chair
393,Chair
394,Chair
395,Chair
396,Chair
397,Chair
398,Chair
399,Chair
400,Chair
401,Chair
402,Chair
403,Chair
404,Chair
405,Chair
406,Chair
407,Chair
408,Chair
409,Chair
410,Chair
411,Chair
412,Chair
413,Chair
414,Chair
415,Chair
416,Chair
417,Chair
418,Chair
419,Chair
420,Chair
421,Chair
422,Chair
423,Chair
424,Chair
425,Chair
426,Chair
427,Chair
428,Chair
429,Chair
430,Chair
431,Chair
432,Chair
433,Chair
434,Motorbike
435,Motorbike
436,Motorbike
437,Motorbike
438,Motorbike
439,Motorbike
440,Motorbike
441,Motorbike
442,Motorbike
443,Motorbike
444,Motorbike
445,Motorbike
446,Motorbike
447,Motorbike
448,Motorbike
449,Motorbike
450,Motorbike
451,Motorbike
452,Motorbike
453,Motorbike
454,Motorbike
455,Motorbike
456,Motorbike
457,Motorbike
458,Motorbike
459,Motorbike
460,Motorbike
461,Motorbike
462,Motorbike
463,Motorbike
464,Motorbike
465,Motorbike
466,Motorbike
467,Motorbike
468,Motorbike
469,Motorbike
470,Motorbike
471,Motorbike
472,Motorbike
473,Motorbike
474,Motorbike
475,Motorbike
476,Motorbike
477,Motorbike
478,Motorbike
479,Motorbike
480,Motorbike
481,Motorbike
482,Motorbike
483,Motorbike
484,Motorbike
485,Motorbike
486,Motorbike
487,Motorbike
488,Motorbike
489,Motorbike
490,Motorbike
491,Motorbike
492,Motorbike
493,Motorbike
494,Motorbike
495,Motorbike
496,Motorbike
497,Motorbike
498,Motorbike
499,Motorbike
500,Motorbike
501,Motorbike
502,Motorbike
503,Motorbike
504,Motorbike
505,Motorbike
506,Motorbike
507,Motorbike
508,Motorbike
509,Motorbike
510,Motorbike
511,Motorbike
512,Motorbike
513,Motorbike
514,Motorbike
515,Motorbike
516,Motorbike
517,Motorbike
518,Motorbike
519,SCENE1
520,SCENE1
521,SCENE1
522,SCENE1
523,SCENE1
524,SCENE1
525,SCENE1
526,SCENE1
527,SCENE1
528,SCENE1
529,SCENE1
530,SCENE1
531,SCENE1
532,SCENE1
533,SCENE1
534,SCENE1
535,SCENE1
536,SCENE1
537,SCENE1
538,SCENE1
539,SCENE1
540,SCENE1
541,SCENE1
542,SCENE1
543,SCENE1
544,SCENE1
545,SCENE1
546,SCENE1
547,SCENE1
548,SCENE1
549,SCENE1
550,SCENE1
551,SCENE1
552,SCENE1
553,SCENE1
554,SCENE1
555,SCENE1
556,SCENE1
557,SCENE1
558,SCENE1
559,SCENE1
560,SCENE1
561,SCENE1
562,SCENE1
563,SCENE1
564,SCENE1
565,SCENE1
566,SCENE1
567,SCENE1
568,SCENE1
569,SCENE1
570,SCENE1
571,SCENE1
572,SCENE1
573,SCENE1
574,SCENE1
575,SCENE1
576,SCENE1
577,SCENE1
578,SCENE1
579,SCENE1
580,SCENE1
581,SCENE1
582,SCENE1
583,SCENE1
584,SCENE1
585,SCENE1
586,SCENE1
587,SCENE1
588,SCENE1
589,SCENE1
590,SCENE1
591,SCENE1
592,SCENE1
593,SCENE1
594,SCENE1
595,SCENE1
596,SCENE1
597,SCENE1
598,SCENE1
599,SCENE1
600,SCENE1
601,SCENE1
602,SCENE1
603,SCENE1
604,SCENE1
605,SCENE1
606,SCENE1
607,SCENE1
608,SCENE1
609,SCENE1
610,SCENE1
611,SCENE1
612,SCENE1
613,SCENE1
614,SCENE1
615,SCENE1
616,SCENE1
617,SCENE1
618,SCENE1
619,SCENE1
620,SCENE1
621,SCENE1
622,SCENE1
623,SCENE1
624,SCENE1
625,SCENE1
626,SCENE1
627,SCENE1
628,SCENE1
629,SCENE1
630,SCENE1
631,SCENE1
632,SCENE1
633,SCENE1
634,SCENE1
635,SCENE1
636,SCENE1
637,SCENE1
638,SCENE1
639,SCENE1
640,SCENE1
641,SCENE1
642,SCENE1
643,SCENE1
644,SCENE1
645,SCENE1
646,SCENE1
647,SCENE1
648,SCENE1
649,SCENE1
650,SCENE1
651,SCENE1
652,SCENE1
653,SCENE1
654,SCENE1
655,SCENE1
656,SCENE1
657,SCENE1
658,SCENE1
659,SCENE1
660,SCENE1
661,SCENE1
662,SCENE1
663,SCENE1
664,SCENE1
665,SCENE1
666,SCENE1
667,SCENE1
668,SCENE1
669,SCENE1
670,SCENE1
671,SCENE1
672,SCENE1
673,SCENE1
674,SCENE1
675,SCENE1
676,SCENE1
677,SCENE1
678,SCENE1
679,SCENE1
680,SCENE1
681,SCENE1
682,SCENE1
683,SCENE1
684,SCENE1
685,SCENE1
686,SCENE1
687,SCENE1
688,SCENE1
689,SCENE1
690,SCENE1
691,SCENE1
692,SCENE1
693,SCENE1
694,SCENE1
695,SCENE1
696,SCENE1
697,SCENE1
698,SCENE1
699,SCENE1
700,SCENE1
701,SCENE1
702,SCENE1
703,SCENE1
704,SCENE1
705,SCENE1
706,SCENE1
707,SCENE1
708,SCENE1
709,SCENE1
710,SCENE1
711,SCENE1
712,SCENE1
713,SCENE1
714,SCENE1
715,SCENE1
716,SCENE1
717,SCENE1
718,SCENE1
719,SCENE1
720,SCENE1
721,SCENE1
722,SCENE1
723,SCENE1
724,SCENE1
725,SCENE1
726,SCENE1
727,SCENE1
728,SCENE1
729,SCENE1
730,SCENE1
731,SCENE1
732,SCENE1
733,SCENE1
734,SCENE1
735,SCENE1
736,SCENE1
737,SCENE1
738,SCENE1
739,SCENE1
740,SCENE1
741,SCENE1
742,SCENE1
743,SCENE1
744,SCENE1
745,SCENE1
746,SCENE1
747,SCENE1
748,SCENE1
749,SCENE1
750,SCENE1
751,SCENE1
752,SCENE1
753,SCENE1
754,SCENE1
755,SCENE1
756,SCENE1
757,SCENE1
758,SCENE1
759,SCENE1
760,SCENE1
761,SCENE1
762,SCENE1
763,SCENE1
764,SCENE1
765,SCENE1
766,SCENE1
767,SCENE1
768,SCENE1
769,SCENE1
770,SCENE1
771,SCENE1
772,SCENE1
773,SCENE1
774,SCENE1
775,SCENE2
776,SCENE2
777,SCENE2
778,SCENE2
779,SCENE2
780,SCENE2
781,SCENE2
782,SCENE2
783,SCENE2
784,SCENE2
785,SCENE2
786,SCENE2
787,SCENE2
788,SCENE2
789,SCENE2
790,SCENE2
791,SCENE2
792,SCENE2
793,SCENE2
794,SCENE2
795,SCENE2
796,SCENE2
797,SCENE2
798,SCENE2
799,SCENE2
800,SCENE2
801,SCENE2
802,SCENE2
803,SCENE2
804,SCENE2
805,SCENE2
806,SCENE2
807,SCENE2
808,SCENE2
809,SCENE2
810,SCENE2
811,SCENE2
812,SCENE2
813,SCENE2
814,SCENE2
815,SCENE2
816,SCENE2
817,SCENE2
818,SCENE2
819,SCENE2
820,SCENE2
821,SCENE2
822,SCENE2
823,SCENE2
824,SCENE2
825,SCENE2
826,SCENE2
827,SCENE2
828,SCENE2
829,SCENE2
830,SCENE2
831,SCENE2
832,SCENE2
833,SCENE2
834,SCENE2
835,SCENE2
836,SCENE2
837,SCENE2
838,SCENE2
839,SCENE2
840,SCENE2
841,SCENE2
842,SCENE2
843,SCENE2
844,SCENE2
845,SCENE2
846,SCENE2
847,SCENE2
848,SCENE2
849,SCENE2
850,SCENE2
851,SCENE2
852,SCENE2
853,SCENE2
854,SCENE2
855,SCENE2
856,SCENE2
857,SCENE2
858,SCENE2
859,SCENE2
860,SCENE2
861,SCENE2
862,SCENE2
863,SCENE2
864,SCENE2
865,SCENE2
866,SCENE2
867,SCENE2
868,SCENE2
869,SCENE2
870,SCENE2
871,SCENE2
872,SCENE2
873,SCENE2
874,SCENE2
875,SCENE2
876,SCENE2
877,SCENE2
878,SCENE2
879,SCENE2
880,SCENE2
881,SCENE2
882,SCENE2
883,SCENE2
884,SCENE2
885,SCENE2
886,SCENE2
887,SCENE2
888,SCENE2
889,SCENE2
890,SCENE2
891,SCENE2
892,SCENE2
893,SCENE2
894,SCENE2
895,Sofa
896,Sofa
897,Sofa
898,Sofa
899,Sofa
900,Sofa
901,Sofa
902,Sofa
903,Sofa
904,Sofa
905,Sofa
906,Sofa
907,Sofa
908,Sofa
909,Sofa
910,Sofa
911,Sofa
912,Sofa
913,Sofa
914,Sofa
915,Sofa
916,Sofa
917,Sofa
918,Sofa
919,Sofa
920,Sofa
921,Sofa
922,Sofa
923,Sofa
924,Sofa
925,Sofa
926,Sofa
927,Sofa
928,Sofa
929,Sofa
930,Sofa
931,Sofa
932,Sofa
933,Sofa
934,Sofa
935,Sofa
936,Sofa
937,Sofa
938,Sofa
939,Sofa
940,Sofa
941,Sofa
942,Sofa
943,Sofa
944,Sofa
945,Sofa
946,Sofa
947,Sofa
948,Sofa
949,Sofa
950,Sofa
951,Sofa
952,Sofa
953,Sofa
954,Sofa
955,Sofa
956,Sofa
957,Sofa
958,Sofa
959,Sofa
960,Sofa
961,Sofa
962,Sofa
963,Sofa
964,Sofa
965,Sofa
966,Sofa
967,Sofa
968,Sofa
969,Sofa
970,Sofa
971,Sofa
972,Sofa
973,Sofa
974,Sofa
975,Sofa
976,Sofa
977,Sofa
978,Sofa
979,Sofa
980,Sofa
981,Sofa
982,Sofa
983,Sofa
984,Sofa
985,Sofa
986,Sofa
987,Sofa
988,Sofa
989,Sofa
990,Sofa
991,Sofa
992,Sofa
993,Sofa
994,Sofa
995,Sofa
996,Sofa
997,Sofa
998,Sofa
999,Sofa
1000,Sofa
1001,Sofa